type,location,date,name
siteVisit,Cannonvale,3/1/2023,bird survey local park honeyeater lookout point
siteVisit,Cannonvale,17/1/2023,bird survey local park honeyeater lookout point
siteVisit,Cannonvale,31/1/2023,bird survey local park honeyeater lookout point
siteVisit,Cannonvale,14/2/2023,bird survey local park honeyeater lookout point
siteVisit,Cannonvale,28/2/2023,bird survey local park honeyeater lookout point
siteVisit,Cannonvale,14/3/2023,bird survey local park honeyeater lookout point
siteVisit,Cannonvale,28/3/2023,bird survey local park honeyeater lookout point
siteVisit,Cannonvale,11/4/2023,bird survey local park honeyeater lookout point
siteVisit,Cannonvale,25/4/2023,bird survey local park honeyeater lookout point
siteVisit,Cannonvale,9/5/2023,bird survey local park honeyeater lookout point
siteVisit,Cannonvale,23/5/2023,bird survey local park honeyeater lookout point
siteVisit,Cannonvale,6/6/2023,bird survey local park honeyeater lookout point
siteVisit,Cannonvale,20/6/2023,bird survey local park honeyeater lookout point
siteVisit,Cannonvale,4/7/2023,bird survey local park honeyeater lookout point
siteVisit,Cannonvale,18/7/2023,bird survey local park honeyeater lookout point
siteVisit,Cannonvale,1/8/2023,bird survey local park honeyeater lookout point
siteVisit,Cannonvale,15/8/2023,bird survey local park honeyeater lookout point
siteVisit,Cannonvale,29/8/2023,bird survey local park honeyeater lookout point
siteVisit,Cannonvale,12/9/2023,bird survey local park honeyeater lookout point
siteVisit,Cannonvale,26/9/2023,bird survey local park honeyeater lookout point
siteVisit,Cannonvale,10/10/2023,bird survey local park honeyeater lookout point
siteVisit,Cannonvale,24/10/2023,bird survey local park honeyeater lookout point
siteVisit,Cannonvale,7/11/2023,bird survey local park honeyeater lookout point
siteVisit,Cannonvale,21/11/2023,bird survey local park honeyeater lookout point
siteVisit,Cannonvale,5/12/2023,bird survey local park honeyeater lookout point
siteVisit,Cannonvale,19/12/2023,bird survey local park honeyeater lookout point